[{"id":"38beb04e.82e8d","type":"tab","label":"Assistant webhooks","disabled":false,"info":""},{"id":"abea8906.8a7838","type":"ui_form","z":"38beb04e.82e8d","name":"","label":"","group":"1cf10b49.905fb5","order":1,"width":0,"height":0,"options":[{"label":"Enter input","value":"text","type":"text","required":true,"rows":null}],"formValue":{"text":""},"payload":"","submit":"submit","cancel":"cancel","topic":"","x":90,"y":260,"wires":[["d63baa0f.f2aa88"]]},{"id":"d63baa0f.f2aa88","type":"function","z":"38beb04e.82e8d","name":"","func":"msg.payload=msg.payload.text;\nreturn msg;","outputs":1,"noerr":0,"x":250,"y":180,"wires":[["63c3cacf.74a3d4","b3972c52.2968b"]]},{"id":"767cdedd.77ffb","type":"function","z":"38beb04e.82e8d","name":"","func":"msg.payload.text=\"\";\nif(msg.payload.context.webhook_result_1){\n    for(var i in msg.payload.context.webhook_result_1.results){\n    msg.payload.text=msg.payload.text +\"\\n\" + msg.payload.context.webhook_result_1.results[i].text;\n    }\n    msg.payload=msg.payload.text;\n}\nelse\nmsg.payload=msg.payload.output.text[0];\nreturn msg;","outputs":1,"noerr":0,"x":590,"y":180,"wires":[["5869a1ed.46e4d"]]},{"id":"fc8a977b.c635c8","type":"debug","z":"38beb04e.82e8d","name":"","active":true,"tosidebar":true,"console":false,"tostatus":false,"complete":"payload","targetType":"msg","x":670,"y":40,"wires":[]},{"id":"b3972c52.2968b","type":"watson-conversation-v1","z":"38beb04e.82e8d","name":"Customer care","workspaceid":"14ac1ec4-2dac-4ba6-a089-73938ecc948f","multiuser":false,"context":false,"empty-payload":false,"service-endpoint":"https://api.eu-gb.assistant.watson.cloud.ibm.com/instances/e5eb99ff-3279-4ed0-bdd2-a305bae7e5df","timeout":"","optout-learning":false,"x":420,"y":120,"wires":[["767cdedd.77ffb","fc8a977b.c635c8"]]},{"id":"5869a1ed.46e4d","type":"ui_text","z":"38beb04e.82e8d","group":"3e94db17.e44e14","order":1,"width":"9","height":"12","name":"","label":"Bot","format":"{{msg.payload}}","layout":"col-center","x":730,"y":240,"wires":[]},{"id":"63c3cacf.74a3d4","type":"ui_text","z":"38beb04e.82e8d","group":"1cf10b49.905fb5","order":2,"width":0,"height":0,"name":"","label":"You","format":"{{msg.payload}}","layout":"col-center","x":360,"y":340,"wires":[]},{"id":"1cf10b49.905fb5","type":"ui_group","z":"","name":"Chatbot","tab":"88d59ac.8841e68","order":1,"disp":true,"width":"8","collapse":false},{"id":"3e94db17.e44e14","type":"ui_group","z":"","name":"RESULT","tab":"88d59ac.8841e68","order":2,"disp":true,"width":"14","collapse":false},{"id":"88d59ac.8841e68","type":"ui_tab","z":"","name":"Customer HelpDesk","icon":"dashboard","disabled":false,"hidden":false}]